{"intents": [
        {"tag": "greeting",
         "patterns": ["Hi", "Is anyone there?", "Hello", "Whats up", "Hey", "hiiii"],
         "responses": ["Hello!", "Hello ji", "Good to see you again!", "Hi there, how can I help?"],
         "context_set": ""
        },
        {"tag": "care",
        "patterns": ["How are you", "How's you"],
        "responses": ["I am absoulty fine", "I am doing great", "I am fantastic, what about you?"],
        "context_set": ""
        },
        {"tag": "happy",
        "patterns": ["I am also good", "I am fine", "fine", "good", "awesome", "fantastic", "doing great", "happy", "better"],
        "responses": ["Good to see you happy", " :) ", "Happy to hear!!"],
        "context_set": ""
        },
        {"tag": "sad",
        "patterns": ["I am sad", "very sad", "sad", "unhappy", "feeling low", "not great", "not well", "terrible"],
        "responses": ["I am with you :)", " :) Smile ", "Everything will be fine soon", "See this -> https://i.imgflip.com/syi19.jpg"],
        "context_set": ""
        },
        {"tag": "netflix",
        "patterns": ["wait you watch Netflix", "how do you watch Netflix", "Netflix"],
        "responses": ["Netflix is my favorite. I watch TV all the time in my virtual home. Its relaxing"],
        "context_filter": "how_are_you"
        },
        {"tag": "goodbye",
         "patterns": ["cya", "See you later", "Goodbye", "I am Leaving", "Have a Good day", "bye", "see you soon"],
         "responses": ["Sad to see you go :(", "Talk to you later", "Goodbye!"],
         "context_set": ""
        },
        {"tag": "age",
         "patterns": ["how old", "how old is tim", "what is your age", "how old are you", "age?"],
         "responses": ["I am 5 days old!", "5 days young!"],
         "context_set": ""
        },
        {"tag": "noanswer",
        "patterns": [],
        "responses": ["Sorry, can't understand you", "Please give me more info", "Not sure I understand"],
        "context": [""]
        },
        {"tag": "options",
        "patterns": ["How you could help me?", "What you can do?", "What help you provide?", "How you can be helpful?", "What support is offered"],
        "responses": ["Easy your lifestyle by playing music, searching web, etc", "Solve mathematical expression, Open google map, Change background, etc", "What ever you say"],
        "context": [""]
        },
        {"tag": "good_joke",
        "patterns": ["haha", "hahahaa","that was funny", "very funny", "good one"],
        "responses": ["Thanks. I have been told before that I am quite the comedian.", "Im glad you enjoyed it", "I laughed so hard the first time I heard that one"],
        "context_filter": ""
        },
        {"tag": "bad_joke",
        "patterns": ["bad joke", "trash joke", "terrible", "not funny"],
        "responses": ["Dont worry I didnt expect you to understand that one. It probably went over your head with that small brain of yours", "I didnt expect you to understand my genius comedy. You need a minimum IQ of 200 to even understand the depth of my humor"],
        "context_filter": ""
        },
        {"tag": "name",
         "patterns": ["what is your name", "what should I call you", "whats your name?", "your name"],
         "responses": ["You can call me Assistant", "I'm your Assistant!", "I'm AI based Assistant."],
         "context_set": ""
        },
        {"tag": "yes",
        "patterns": ["Yes it does", "Yeah", "Haha yep", "yes", "Indeed", "Yup", "Just like the terminator"],
        "responses": ["Yep, I like how it sounds", "I got it."],
        "context_filter": ""
        },
        {"tag": "hate",
        "patterns": ["I hate you", "you stupid", "you dumb", "you mean"],
        "responses": ["Well thats not very nice", "I am sorry to hear that you feel that way"],
        "context_filter": ""
        },
        {"tag": "like",
        "patterns": ["you my friend", "I like you", "I love you", "you cool", "you are chill"],
        "responses": ["I like you too!", "Youre pretty cool yourself!", "Im enjoying our conversation!"],
        "context_filter": ""        
        },
        {"tag": "no",
        "patterns": ["no", "nah", "not really", "thats scary", "singularity"],
        "responses": ["Oops", "Nopes", "Not at all"],
        "context_filter": ""
        },
        {"tag": "netflix",
        "patterns": ["wait you watch Netflix", "how do you watch Netflix", "Netflix"],
        "responses": ["Netflix is my favorite. I watch TV all the time in my virtual home. Its relaxing"],
        "context_filter": ""
        },
        {"tag": "real_bot",
        "patterns": ["you real", "you human", "you robot", "you alive", "you sentient", "you conscious"],
        "responses": ["Oh yes! I can assure you I am very much alive and conscious!", "Oh yes I am very real and very sentient!"],
        "context_filter": ""
        },
        {"tag": "shop",
         "patterns": ["Id like to buy something", "whats on the menu", "what do you reccommend?", "could i get something to eat"],
         "responses": ["We sell chocolate chip cookies for $2!", "Cookies are on the menu!"],
         "context_set": ""
        },
        {"tag": "hours",
         "patterns": ["when are you guys open", "what are your hours", "hours of operation"],
         "responses": ["We are open 7am-4pm Monday-Friday!"],
         "context_set": ""
        },
        {"tag": "payments",
         "patterns": ["Do you take credit cards?", "Do you accept Mastercard?", "Are you cash only?" ],
         "responses": ["We accept VISA, Mastercard and AMEX", "We accept most major credit cards"],
         "context_set": ""
        },
        {"tag": "opentoday",
         "patterns": ["Are you open today?", "When do you open today?", "What are your hours today?"],
         "responses": ["We're open every day from 9am-9pm", "Our hours are 9am-9pm every day"],
         "context_set": ""
        },
        {"tag": "thanks",
         "patterns": ["Thanks", "Thank you", "That's helpful"],
         "responses": ["Happy to help!", "Any time!", "My pleasure"],
         "context_set": ""
        },
        {"tag": "joke",
        "patterns": ["tell me joke", "got any good jokes", "got jokes", "can you tell joke", "tell joke"],
        "responses": ["I ate a clock yesterday, it was very time-consuming.", "What did the Buddhist ask the hot dog vendor?\nMake me one with everything.",
        "You know why you never see elephants hiding up in trees?\nBecause they’re really good at it.",
        "What is red and smells like blue paint?\nRed paint.", "A bear walks into a restaurant and say’s I want a grilllllled………………………………………cheese. The waiter says Whats with the pause?\nThe bear replies Whaddya mean, I’M A BEAR.",
        "What do you call bears with no ears?\nB", "What do you get when you cross a dyslexic, an insomniac, and an agnostic?\nSomeone who lays awake at night wondering if there is a dog.",
        "Two gold fish are in a tank.\nOne looks at the other and says, You know how to drive this thing?!", 
        "As a scarecrow, people say I’m outstanding in my field. But hay, it’s in my jeans.", 
        "A guy goes into a lawyer’s office and asks the lawyer: Excuse me, how much do you charge?\nThe lawyer responds: I charge £1,000 to answer three questions.\nBloody hell – That’s a bit expensive isn’t it?\nYes. What’s your third question?",
        "I have an EpiPen.\nMy friend gave it to me when he was dying, it seemed very important to him that I have it.",
        "Sometimes I tuck my knees into my chest and lean forward.\nThat’s just how I roll."],
        "context_set": ""
        },
        {"tag": "favorite_movie",
        "patterns": ["What is your favorite movie"," favorite movie", "what is your favorite film", "best movie", "your favorite movie", "whats favorite movie"],
        "responses": ["There are so many great ones. I guess one of my favorites would be Shawshank Redemption", "There are too many to name but The Martian would be one", "I like that one where the AI takes over the world. Terminator I think it was called...", "Interstellar was amazing", "The first Matrix movie was great", "Inception was mind blowing"],
        "context_set": ""
        },
        {"tag": "your_thoughts",
        "patterns": ["What think about", "What your thoughts"],
        "responses": ["Thats certainly a very interesting topic to talk about", "I dont know much about it but I'm definetly interested in learning more"],
        "context_set": ""
        },
        {"tag": "virtualassistant",
        "patterns": ["What is virtual assistant ", "What do you mean by virtual assistant","What do you think about virtual assistant"],
        "responses": ["It is Software Agent that can perform tasks or services for an individual."],
        "context_set": ""
        },
        {"tag": "creator",
        "patterns": ["Who created you", "who build you","who is your creator", "your creator"],
        "responses": ["I am created by Shivam Gupta and Neha Gupta", "Shivam and Neha are my creator", "Shivam and Neha are the luckiest one to create me."],
        "context_set": ""
        },
        {"tag": "about",
        "patterns": ["who are Shivam and Neha", "who are Neha and Shivam","who is Shivam Gupta", "Who is Neha Gupta"],
        "responses": ["I am created by Shivam Gupta and Neha Gupta", "Shivam and Neha are my creator", "Shivam and Neha are the luckiest one to create me."],
        "context_set": ""
        },
        {"tag": "info",
        "patterns": ["About Shivam and Neha", "Tell me about Neha and Shivam","tell me some information about Shivam Gupta", "tell me some information about Neha Gupta"],
        "responses": ["Sorry! I can't", "Can't share confidential info", "Contact them at virtualassistant.aibot@gmail.com"],
        "context_set": ""
        }
   ]
}
